scores,site,wt_codon,mut_codon,score_diff
-0.9453013,,,,0.0
-0.9563141,2.0,AAA,AAG,-0.011012799999999934
-0.94530743,3.0,GCA,GCT,-6.129999999937574e-06
-0.95358974,3.0,GCA,GCC,-0.008288439999999953
-0.9448677,3.0,GCA,GCG,0.00043360000000003396
-0.9519801,4.0,ATT,ATC,-0.006678799999999985
-0.9490267,4.0,ATT,ATA,-0.00372539999999999
-0.94705576,5.0,TTC,TTT,-0.0017544600000000132
-0.9468441,6.0,GTA,GTT,-0.0015427999999999553
-0.9508225,6.0,GTA,GTC,-0.005521200000000004
-0.9552694,6.0,GTA,GTG,-0.009968100000000035
-0.94906574,7.0,CTG,TTA,-0.00376443999999998
-0.95139384,7.0,CTG,TTG,-0.006092540000000035
-0.95134705,7.0,CTG,CTT,-0.006045749999999961
-0.9532704,7.0,CTG,CTC,-0.007969099999999951
-0.9504119,7.0,CTG,CTA,-0.005110599999999965
-0.9526991,8.0,AAA,AAG,-0.00739780000000001
-0.93748236,9.0,GGT,GGC,0.007818940000000052
-0.9497655,9.0,GGT,GGA,-0.004464200000000029
-0.943028,9.0,GGT,GGG,0.0022733000000000336
-0.9501541,12.0,CGC,CGT,-0.0048527999999999905
-0.96796,12.0,CGC,CGA,-0.02265870000000003
-0.9735039,12.0,CGC,CGG,-0.028202599999999967
-0.97903067,12.0,CGC,AGA,-0.03372936999999998
-0.9834999,12.0,CGC,AGG,-0.03819859999999997
-0.9521148,13.0,ACT,ACC,-0.006813500000000028
-0.95432675,13.0,ACT,ACA,-0.00902544999999999
-0.95122474,13.0,ACT,ACG,-0.005923440000000002
-0.97719276,14.0,TCC,TCT,-0.03189145999999998
-1.0147206,14.0,TCC,TCA,-0.06941929999999996
-0.9800833,14.0,TCC,TCG,-0.03478199999999998
-0.9979918,14.0,TCC,AGT,-0.05269049999999997
-0.9649468,14.0,TCC,AGC,-0.019645499999999982
